listScoreRows,play,name
<ScoreRowRealm>{0 1 2 3},<PlayRealm>{0},"Arkham Horror: Dunwich Ho... in the clutches of chaos"
<ScoreRowRealm>{4 5 6 7},<PlayRealm>{1},"Arkham Horror: Dunwich Ho... before the black throne"
<ScoreRowRealm>{8 9 10 11},<PlayRealm>{2},"Terraforming Mars #1 - ttes les extensions + turmoil"
<ScoreRowRealm>{12 13 14},<PlayRealm>{3},"Spirit Island #1"
<ScoreRowRealm>{15 16 17},<PlayRealm>{4},"Spirit Island #2"
<ScoreRowRealm>{23 22 21 20 19 18},<PlayRealm>{5},"Gloomhaven #2"
<ScoreRowRealm>{24 25 26},<PlayRealm>{6},"Spirit Island #3"
<ScoreRowRealm>{27 28 29 30},<PlayRealm>{7},"Wingspan  #1"
<ScoreRowRealm>{31 32 33 34},<PlayRealm>{8},"Maracaibo #1"
<ScoreRowRealm>{35 36 37 38},<PlayRealm>{9},"Paladins of the West King... #1"
<ScoreRowRealm>{39 40 41},<PlayRealm>{10},"Spirit Island #4"
<ScoreRowRealm>{42 43 44 45},<PlayRealm>{11},"Thunder and lighting  #1"
<ScoreRowRealm>{46 47 48 49},<PlayRealm>{12},"Thunder and lighting  #2"
<ScoreRowRealm>{50 51 52 53},<PlayRealm>{13},"Thunder and lighting  #3"
<ScoreRowRealm>{54 55 56 57},<PlayRealm>{14},"Thunder and lighting  #4"
<ScoreRowRealm>{58 59 60 61},<PlayRealm>{15},"A Few Acres of Snow #1"
<ScoreRowRealm>{62 63 64},<PlayRealm>{16},"Spirit Island #5"
<ScoreRowRealm>{65 66 67 68},<PlayRealm>{17},"Terraforming Mars #2"
<ScoreRowRealm>{69 70 71 72},<PlayRealm>{18},"Tragedy Looper #1"
<ScoreRowRealm>{73 74 75 76},<PlayRealm>{19},"Tragedy Looper #2"
<ScoreRowRealm>{77 78 79},<PlayRealm>{20},"Spirit Island #6"
<ScoreRowRealm>{80 81 82 83},<PlayRealm>{21},"Twice As Clever #1"
<ScoreRowRealm>{84 85 86 87},<PlayRealm>{22},"Terraforming Mars #3"
<ScoreRowRealm>{88 89 90 91},<PlayRealm>{23},"Andor #1"
<ScoreRowRealm>{92 93 94 95},<PlayRealm>{24},"Andor #2"
<ScoreRowRealm>{96 97 98 99},<PlayRealm>{25},"Everdell #1"
<ScoreRowRealm>{100 101 102 103},<PlayRealm>{26},"Hanabi #1"
<ScoreRowRealm>{104 105 106 107},<PlayRealm>{27},"Carcassonne #1"
<ScoreRowRealm>{108 109 110 111},<PlayRealm>{28},"Finstere flure #1"
<ScoreRowRealm>{112 113 114 115},<PlayRealm>{29},"Star Wars: Outer Rim #1"
<ScoreRowRealm>{116 117 118 119},<PlayRealm>{30},"Arkham Horror: The Card G... #1"
<ScoreRowRealm>{120 121 122 123},<PlayRealm>{31},"Gùgōng #1"
<ScoreRowRealm>{124 125 126 127},<PlayRealm>{32},"Le Renard des Bois #1"
<ScoreRowRealm>{128 129 130},<PlayRealm>{33},"Spirit Island #7"
<ScoreRowRealm>{131 132 133 134 135 136},<PlayRealm>{34},"Gloomhaven #2"
<ScoreRowRealm>{137 138 139 140 141 142},<PlayRealm>{35},"Gloomhaven #3"
<ScoreRowRealm>{143 144 145 146},<PlayRealm>{36},"Arkham Horror: The Card G... #2"
<ScoreRowRealm>{147 148 149 150},<PlayRealm>{37},"Champions of Midgard #1"
<ScoreRowRealm>{151 152 153 154},<PlayRealm>{38},"Tortuga 1667 #1"
<ScoreRowRealm>{155 156 157 158 159 160},<PlayRealm>{39},"Gloomhaven #4"
<ScoreRowRealm>{161 162 163 164},<PlayRealm>{40},"Hanabi #2"
<ScoreRowRealm>{165 166 167},<PlayRealm>{41},"BANG! The Dice Game #1"
<ScoreRowRealm>{168 169 170 171},<PlayRealm>{42},"Le Renard des Bois #2"
<ScoreRowRealm>{172 173 174 175},<PlayRealm>{43},"Arkham Horror: The Card G... #3"
<ScoreRowRealm>{176 177 178 179},<PlayRealm>{44},"Arkham Horror: The Card G... #4"
<ScoreRowRealm>{180 181 182 183},<PlayRealm>{45},"Champions of Midgard #2"
<ScoreRowRealm>{184 185 186 187},<PlayRealm>{46},"Tarot #1"
<ScoreRowRealm>{188 189 190 191 192 193},<PlayRealm>{47},"Gloomhaven #5"
<ScoreRowRealm>{194 195 196 197 198 199},<PlayRealm>{48},"Gloomhaven #6"
<ScoreRowRealm>{200 201 202 203},<PlayRealm>{49},"Arkham Horror: The Card G... #5"
<ScoreRowRealm>{204 205 206 207},<PlayRealm>{50},"Champions of Midgard #3"
<ScoreRowRealm>{208 209 210 211},<PlayRealm>{51},"Andor #3"
<ScoreRowRealm>{212 213 214 215},<PlayRealm>{52},"Andor #4"
<ScoreRowRealm>{216 217 218 219},<PlayRealm>{53},"Andor #5"
<ScoreRowRealm>{220 221 222 223},<PlayRealm>{54},"Fairy trails #1"
<ScoreRowRealm>{224 225 226 227},<PlayRealm>{55},"Ricochet Robots #1"
<ScoreRowRealm>{228 229 230 231},<PlayRealm>{56},"Underwater Cities #1"
<ScoreRowRealm>{232 233 234 235},<PlayRealm>{57},"Star Wars: Rebellion #1"
<ScoreRowRealm>{236 237 238 239},<PlayRealm>{58},"Andor #6"
<ScoreRowRealm>{240 241 242 243},<PlayRealm>{59},"Western Legends #1"
<ScoreRowRealm>{244 245 246 247},<PlayRealm>{60},"The Crew: The Quest for P... #1"
<ScoreRowRealm>{248 249 250 251},<PlayRealm>{61},"The Crew: The Quest for P... #2"
<ScoreRowRealm>{252 253 254 255},<PlayRealm>{62},"The Crew: The Quest for P... #3"
<ScoreRowRealm>{256 257 258 259},<PlayRealm>{63},"The Crew: The Quest for P... #4"
<ScoreRowRealm>{260 261 262 263},<PlayRealm>{64},"The Crew: The Quest for P... #5"
<ScoreRowRealm>{264 265 266 267},<PlayRealm>{65},"The Crew: The Quest for P... #6"
<ScoreRowRealm>{268 269 270 271},<PlayRealm>{66},"The Crew: The Quest for P... #7"
<ScoreRowRealm>{272 273 274 275},<PlayRealm>{67},"The Crew: The Quest for P... #8"
<ScoreRowRealm>{276 277 278 279},<PlayRealm>{68},"The Crew: The Quest for P... #9"
<ScoreRowRealm>{280 281 282 283},<PlayRealm>{69},"The Crew: The Quest for P... #10"
<ScoreRowRealm>{284 285 286 287},<PlayRealm>{70},"The Crew: The Quest for P... #11"
<ScoreRowRealm>{288 289 290 291},<PlayRealm>{71},"The Crew: The Quest for P... #12"
<ScoreRowRealm>{292 293 294 295},<PlayRealm>{72},"The Crew: The Quest for P... #13"
<ScoreRowRealm>{296 297 298 299},<PlayRealm>{73},"The Crew: The Quest for P... #14"
<ScoreRowRealm>{300 301 302 303},<PlayRealm>{74},"The Crew: The Quest for P... #15"
<ScoreRowRealm>{304 305 306 307},<PlayRealm>{75},"The Crew: The Quest for P... #16"
<ScoreRowRealm>{308 309 310 311},<PlayRealm>{76},"Bargain Quest #1"
<ScoreRowRealm>{312 313 314 315 316 317},<PlayRealm>{77},"Gloomhaven #7"
<ScoreRowRealm>{318 319 320 321 322 323},<PlayRealm>{78},"Gloomhaven #8"
<ScoreRowRealm>{324 325 326 327},<PlayRealm>{79},"The Crew: The Quest for P... #17"
<ScoreRowRealm>{328 329 330 331},<PlayRealm>{80},"Star Wars: Outer Rim #2"
<ScoreRowRealm>{332 333 334 335},<PlayRealm>{81},"The Crew: The Quest for P... #18"
<ScoreRowRealm>{336 337 338 339},<PlayRealm>{82},"Fuji Flush #1"
<ScoreRowRealm>{340 341 342 343},<PlayRealm>{83},"Fuji Flush #2"
<ScoreRowRealm>{344 345 346 347},<PlayRealm>{84},"Fuji Flush #3"
<ScoreRowRealm>{348 349 350 351},<PlayRealm>{85},"Witness #1"
<ScoreRowRealm>{352 353 354 355},<PlayRealm>{86},"Terraforming Mars #4"
<ScoreRowRealm>{356 357 358 359},<PlayRealm>{87},"Arkham Horror: The Card G... #6"
<ScoreRowRealm>{360 361 362 363},<PlayRealm>{88},"Le Renard des Bois #3"
<ScoreRowRealm>{364 365 366 367},<PlayRealm>{89},"Codenames: Duet #1"
<ScoreRowRealm>{368 369 370 371},<PlayRealm>{90},"Codenames: Duet #2"
<ScoreRowRealm>{372 373 374 375},<PlayRealm>{91},"Codenames: Duet #3"
<ScoreRowRealm>{376 377 378 379},<PlayRealm>{92},"Codenames: Duet #4"
<ScoreRowRealm>{380 381 382 383},<PlayRealm>{93},"The Crew: The Quest for P... #19"
<ScoreRowRealm>{384 385 386 387},<PlayRealm>{94},"The Crew: The Quest for P... #20"
<ScoreRowRealm>{388 389 390 391},<PlayRealm>{95},"Kamisado #1"
<ScoreRowRealm>{392 393 394 395},<PlayRealm>{96},"Kamisado #2"
<ScoreRowRealm>{396 397 398 399},<PlayRealm>{97},"Kamisado #3"
<ScoreRowRealm>{400 401 402 403},<PlayRealm>{98},"Kamisado #4"
<ScoreRowRealm>{404 405 406 407},<PlayRealm>{99},"That's Pretty Clever #1"
<ScoreRowRealm>{408 409 410 411},<PlayRealm>{100},"Le Renard des Bois #4"
<ScoreRowRealm>{412 413 414 415},<PlayRealm>{101},"Terraforming Mars #5"
<ScoreRowRealm>{416 417 418 419},<PlayRealm>{102},"The Crew: The Quest for P... #21"
<ScoreRowRealm>{420 421 422 423},<PlayRealm>{103},"The Crew: The Quest for P... #22"
<ScoreRowRealm>{424 425 426 427},<PlayRealm>{104},"The Crew: The Quest for P... #23"
<ScoreRowRealm>{428 429 430 431},<PlayRealm>{105},"The Crew: The Quest for P... #24"
<ScoreRowRealm>{432 433 434 435},<PlayRealm>{106},"The Crew: The Quest for P... #25"
<ScoreRowRealm>{436 437 438 439},<PlayRealm>{107},"The Crew: The Quest for P... #26"
<ScoreRowRealm>{440 441 442 443},<PlayRealm>{108},"The Crew: The Quest for P... #27"
<ScoreRowRealm>{444 445 446 447},<PlayRealm>{109},"Root #1"
<ScoreRowRealm>{448 449 450 451},<PlayRealm>{110},"Star Wars: Outer Rim #3"
<ScoreRowRealm>{452 453 454 455},<PlayRealm>{111},"A Feast for Odin #1"
<ScoreRowRealm>{456 457 458 459},<PlayRealm>{112},"Eminent Domain #1"
<ScoreRowRealm>{460 461 462 463},<PlayRealm>{113},"The King's Guild #1"
<ScoreRowRealm>{464 465 466 467},<PlayRealm>{114},"Codenames #1"
<ScoreRowRealm>{468 469 470 471},<PlayRealm>{115},"Codenames #2"
<ScoreRowRealm>{472 473 474 475},<PlayRealm>{116},"Codenames #3"
<ScoreRowRealm>{476 477 478 479},<PlayRealm>{117},"Codenames #4"
<ScoreRowRealm>{480 481 482 483},<PlayRealm>{118},"Codenames #5"
<ScoreRowRealm>{484 485 486 487},<PlayRealm>{119},"Codenames #6"
<ScoreRowRealm>{488 489 490 491},<PlayRealm>{120},"Le Havre #1"
<ScoreRowRealm>{492 493 494 495},<PlayRealm>{121},"Pit #1"
<ScoreRowRealm>{496 497 498 499},<PlayRealm>{122},"Pit #2"
<ScoreRowRealm>{500 501 502 503},<PlayRealm>{123},"Stay Cool #1"
<ScoreRowRealm>{504 505 506 507},<PlayRealm>{124},"The Crew: The Quest for P... #28"
<ScoreRowRealm>{508 509 510 511},<PlayRealm>{125},"The Crew: The Quest for P... #29"
<ScoreRowRealm>{512 513 514 515},<PlayRealm>{126},"The Crew: The Quest for P... #30"
<ScoreRowRealm>{516 517 518 519},<PlayRealm>{127},"The Crew: The Quest for P... #31"
<ScoreRowRealm>{520 521 522 523},<PlayRealm>{128},"The Crew: The Quest for P... #32"
<ScoreRowRealm>{524 525 526 527},<PlayRealm>{129},"The Crew: The Quest for P... #33"
<ScoreRowRealm>{528 529 530 531},<PlayRealm>{130},"The Crew: The Quest for P... #34"
<ScoreRowRealm>{532 533 534 535},<PlayRealm>{131},"The King's Guild #2"
<ScoreRowRealm>{536 537 538 539},<PlayRealm>{132},"The Crew: The Quest for P... #35"
<ScoreRowRealm>{540 541 542 543},<PlayRealm>{133},"Great Western Trail #1"
<ScoreRowRealm>{544 545 546 547},<PlayRealm>{134},"7 Wonders #1"
<ScoreRowRealm>{548 549 550 551},<PlayRealm>{135},"7 Wonders #2"
<ScoreRowRealm>{552 553 554 555},<PlayRealm>{136},"7 Wonders #3"
<ScoreRowRealm>{556 557 558 559},<PlayRealm>{137},"Race for the Galaxy #1"
<ScoreRowRealm>{560 561 562 563},<PlayRealm>{138},"Race for the Galaxy #2"
<ScoreRowRealm>{564 565 566 567 568 569 570 571},<PlayRealm>{139},"Alchemists #1"
<ScoreRowRealm>{572 573 574 575},<PlayRealm>{140},"El Bandido #1"
<ScoreRowRealm>{576 577 578 579},<PlayRealm>{141},"El Bandido #2"
<ScoreRowRealm>{580 581 582 583},<PlayRealm>{142},"Through the Ages: A New S... #1"
<ScoreRowRealm>{584 585 586 587},<PlayRealm>{143},"Stone Age #1"
<ScoreRowRealm>{588 589 590 591},<PlayRealm>{144},"Stone Age #2"
<ScoreRowRealm>{592 593 594 595},<PlayRealm>{145},"The King's Guild #3"
<ScoreRowRealm>{596 597 598 599 600 601},<PlayRealm>{146},"Roll for the Galaxy #1"
<ScoreRowRealm>{602 603 604 605 606 607},<PlayRealm>{147},"Puerto Rico #1"
<ScoreRowRealm>{608 609 610 611 612 613},<PlayRealm>{148},"Puerto Rico #2"
<ScoreRowRealm>{614 615 616 617},<PlayRealm>{149},"Point Salad #1"
<ScoreRowRealm>{618 619 620 621},<PlayRealm>{150},"The Crew: The Quest for P... #36"
<ScoreRowRealm>{622 623 624 625},<PlayRealm>{151},"The Crew: The Quest for P... #37"
<ScoreRowRealm>{626 627 628 629},<PlayRealm>{152},"The Crew: The Quest for P... #38"
<ScoreRowRealm>{630 631 632 633},<PlayRealm>{153},"Underwater Cities #2"
<ScoreRowRealm>{634 635 636 637 638 639},<PlayRealm>{154},"Puerto Rico #3"
<ScoreRowRealm>{640 641 642 643 644 645},<PlayRealm>{155},"Puerto Rico #4"
<ScoreRowRealm>{646 647 648 649 650 651},<PlayRealm>{156},"Puerto Rico #5"
<ScoreRowRealm>{652 653 654 655 656 657},<PlayRealm>{157},"Puerto Rico #6"
<ScoreRowRealm>{658 659 660 661},<PlayRealm>{158},"Targui #1"
<ScoreRowRealm>{662 663 664 665},<PlayRealm>{159},"The Voyages of Marco Polo #1"
<ScoreRowRealm>{666 667 668 669},<PlayRealm>{160},"Blackout: Hong Kong #1"
<ScoreRowRealm>{670 671 672 673},<PlayRealm>{161},"Libertalia #1"
<ScoreRowRealm>{674 675 676 677},<PlayRealm>{162},"Libertalia #2"
<ScoreRowRealm>{678 679 680 681},<PlayRealm>{163},"Paladins of the West King... #2"
<ScoreRowRealm>{682 683 684 685},<PlayRealm>{164},"Paladins of the West King... #3"
<ScoreRowRealm>{686 687 688 689},<PlayRealm>{165},"Legacy: The Testament of ... #1"
<ScoreRowRealm>{690 691 692 693 694},<PlayRealm>{166},"Aeon's End #1"
<ScoreRowRealm>{695 696 697 698 699},<PlayRealm>{167},"Aeon's End #2"
<ScoreRowRealm>{700 701 702 703 704},<PlayRealm>{168},"Aeon's End #3"
<ScoreRowRealm>{705 706 707 708 709},<PlayRealm>{169},"Aeon's End #4"
<ScoreRowRealm>{710 711 712 713},<PlayRealm>{170},"Cleopatra and the Society... #1"
<ScoreRowRealm>{714 715 716 717 718},<PlayRealm>{171},"Aeon's End #5"
<ScoreRowRealm>{719 720 721 722},<PlayRealm>{172},"The Crew: The Quest for P... #39"
<ScoreRowRealm>{723 724 725 726},<PlayRealm>{173},"The Crew: The Quest for P... #40"
<ScoreRowRealm>{727 728 729 730},<PlayRealm>{174},"The Crew: The Quest for P... #41"
<ScoreRowRealm>{731 732 733 734},<PlayRealm>{175},"Russian Railroads #1"
<ScoreRowRealm>{735 736 737 738},<PlayRealm>{176},"Russian Railroads #2"
<ScoreRowRealm>{739 740 741 742},<PlayRealm>{177},"Russian Railroads #3"
<ScoreRowRealm>{743 744 745 746},<PlayRealm>{178},"Takenoko #1"
<ScoreRowRealm>{747 748 749 750},<PlayRealm>{179},"Takenoko #2"
<ScoreRowRealm>{751 752 753 754},<PlayRealm>{180},"Takenoko #3"
<ScoreRowRealm>{755 756 757 758},<PlayRealm>{181},"Takenoko #4"
<ScoreRowRealm>{759 760 761 762},<PlayRealm>{182},"Takenoko #5"
<ScoreRowRealm>{763 764 765 766},<PlayRealm>{183},"7 Wonders #4"
<ScoreRowRealm>{767 768 769 770},<PlayRealm>{184},"7 Wonders #5"
<ScoreRowRealm>{771 772 773 774},<PlayRealm>{185},"7 Wonders #6"
<ScoreRowRealm>{775 776 777 778},<PlayRealm>{186},"7 Wonders #7"
<ScoreRowRealm>{779 780 781 782},<PlayRealm>{187},"7 Wonders #8"
<ScoreRowRealm>{783 784 785 786},<PlayRealm>{188},"7 Wonders #9"
<ScoreRowRealm>{787 788 789 790},<PlayRealm>{189},"7 Wonders #10"
<ScoreRowRealm>{791 792 793 794},<PlayRealm>{190},"7 Wonders #11"
<ScoreRowRealm>{795 796 797 798},<PlayRealm>{191},"Race for the Galaxy #3"
<ScoreRowRealm>{799 800 801 802},<PlayRealm>{192},"Race for the Galaxy #4"
<ScoreRowRealm>{803 804 805 806},<PlayRealm>{193},"Race for the Galaxy #5"
<ScoreRowRealm>{807 808 809 810},<PlayRealm>{194},"Race for the Galaxy #6"
<ScoreRowRealm>{811 812 813 814},<PlayRealm>{195},"Race for the Galaxy #7"
<ScoreRowRealm>{815 816 817 818},<PlayRealm>{196},"Through the Ages: A New S... #2"
<ScoreRowRealm>{819 820 821 822},<PlayRealm>{197},"Through the Ages: A New S... #3"
